Model,Accuracy,AUC,Precision,Recall,F1,MCC
Logistic Regression,0.95,0.9673423423423423,0.9605263157894737,0.9864864864864865,0.9733333333333334,0.5879298010176119
Decision Tree,1.0,1.0,1.0,1.0,1.0,1.0
KNN,0.94375,0.7877252252252253,0.9426751592356688,1.0,0.9704918032786886,0.4854572996762096
Naive Bayes,0.94375,0.9510135135135135,0.9483870967741935,0.9932432432432432,0.9702970297029703,0.4943740446449421
Random Forest,0.95,0.995213963963964,0.9487179487179487,1.0,0.9736842105263158,0.5623515948579824
XGBoost,0.99375,0.9994369369369369,0.9932885906040269,1.0,0.9966329966329966,0.9542088562715317
